SMA_120,SMA_60
3053.3392500000027,3035.2588333333333
3052.898666666669,3034.6896666666667
3052.5117500000024,3034.1205
3052.569666666669,3034.2363333333337
3052.301166666669,3033.9683333333337
3051.872583333336,3033.6080000000006
3051.433916666668,3033.1110000000003
3051.0190833333345,3032.6746666666672
3050.652333333334,3032.4245
3050.2314166666674,3032.057
3049.887583333334,3031.8651666666656
3049.5784166666667,3031.618499999998
3049.2650000000003,3031.371833333332
3048.7939166666674,3030.894333333331
3048.444166666667,3030.7031666666644
3048.052666666667,3030.511999999997
3047.632166666667,3030.370333333331
3047.212583333333,3030.2286666666646
3046.78675,3030.0958333333315
3046.3739166666664,3029.983666666665
3045.9727500000004,3029.718499999998
3045.4703333333327,3029.3039999999987
3044.954916666666,3028.9128333333324
3044.4215833333333,3028.6283333333326
3044.009583333333,3028.6671666666657
3043.508499999999,3028.508
3043.008666666666,3028.3598333333325
3042.508833333333,3028.2116666666657
3042.009,3028.091666666666
3041.335333333333,3027.623999999999
3040.788833333333,3027.3298333333328
3040.2250833333323,3026.9971666666665
3039.706166666666,3026.681833333333
3039.196583333333,3026.4108333333334
3038.65475,3026.0753333333337
3038.153,3025.7883333333343
3037.6713333333323,3025.501333333334
3037.181833333332,3025.1986666666667
3036.5941666666663,3024.5665
3036.0937499999995,3023.989833333333
3035.6114999999995,3023.4178333333334
3035.129249999999,3022.976666666667
3034.646999999999,3022.586
3034.225583333333,3022.357000000001
3033.740166666666,3022.0118333333344
3033.3189999999986,3021.868333333334
3032.831416666666,3021.596
3032.3951666666662,3021.307
3031.9691666666654,3020.940666666667
3031.558749999999,3020.6138333333333
3031.137083333332,3020.2645
3030.647416666666,3019.822
3030.1384166666658,3019.487
3029.6608333333324,3019.1828333333337
3029.362416666666,3019.237000000001
3029.016416666665,3019.196000000001
3028.6494166666653,3019.0911666666675
3028.407083333332,3019.2356666666683
3028.044416666665,3019.1225000000018
3027.710749999998,3019.0243333333347
3027.3770833333306,3018.9261666666685
3027.0434166666632,3018.8280000000013
3026.59158333333,3018.493500000002
3026.2035833333307,3018.078166666668
3025.8155833333312,3017.738833333336
3025.503749999998,3017.4496666666687
3025.1357499999986,3017.160500000003
3024.712333333332,3016.7500000000023
3024.3719166666656,3016.373500000002
3024.022666666666,3015.9883333333355
3023.808833333332,3015.752500000002
3023.527333333332,3015.4361666666687
3023.245833333332,3015.2775000000024
3022.9349999999977,3014.975666666669
3022.654416666664,3014.605666666669
3022.4158333333303,3014.319666666669
3022.192999999997,3014.015666666669
3021.970166666664,3013.711666666669
3021.7473333333305,3013.3858333333355
3021.469333333331,3012.9550000000027
3021.277083333331,3012.910333333335
3021.0200833333315,3012.7361666666684
3020.7122499999978,3012.5116666666686
3020.4831666666646,3012.2166666666685
3020.2944166666643,3011.932666666669
3020.0151666666648,3011.522333333335
3019.7606666666647,3011.161500000001
3019.515083333332,3010.8185000000017
3019.280833333332,3010.643833333335
3019.0465833333315,3010.469333333335
3018.812333333332,3010.312166666669
3018.576083333332,3010.155000000002
3018.339833333332,3009.9756666666685
3018.103583333332,3009.8175000000024
3017.9138333333326,3009.752333333336
3017.73775,3009.6871666666693
3017.561666666666,3009.6220000000026
3017.3855833333323,3009.6790000000024
3017.1512499999994,3009.736000000002
3016.891416666666,3009.793000000002
3016.6315833333333,3009.845333333335
3016.437166666666,3009.897666666669
3016.2175,3009.788166666668
3016.05325,3009.816333333334
3015.9230833333336,3009.772166666667
3015.798166666667,3009.747333333333
3015.67525,3009.7545
3015.534333333334,3009.7724999999987
3015.365583333334,3009.767999999998
3015.188666666668,3009.763499999998
3014.980916666668,3009.733999999998
3014.684166666668,3009.5839999999976
3014.506666666668,3009.5263333333305
3014.518750000001,3009.6754999999976
3014.463166666668,3009.647333333331
3014.393166666668,3009.590333333331
3014.3122500000013,3009.408666666664
3014.2168333333343,3009.2559999999967
3014.0777500000017,3009.0329999999976
3014.037083333335,3009.0498333333308
3013.9475833333354,3008.9689999999982
3013.858083333336,3009.0063333333314
3013.796833333336,3009.100166666665
3013.651416666669,3009.224666666666
3013.5340000000024,3009.329166666665
3013.559833333336,3009.669999999999
3013.526583333337,3009.9366666666665
3013.504500000003,3010.259
3013.4993333333364,3010.629499999998
3013.4775833333365,3010.8863333333325
3013.4659166666697,3011.1793333333326
3013.4542500000034,3011.472333333332
3013.5214166666706,3011.7653333333324
3013.5885833333377,3012.2043333333327
3013.6132500000044,3012.6208333333325
3013.755083333337,3013.190499999999
3013.8293333333368,3013.642999999999
3013.807250000004,3013.9028333333326
3013.8290833333367,3014.324833333332
3013.954750000003,3014.824999999999
3014.042166666669,3015.173999999999
3014.1414166666696,3015.5974999999994
3014.266333333336,3016.021
3014.330583333336,3016.4445
3014.301666666669,3016.7338333333337
3014.324583333336,3017.133666666667
3014.3462500000023,3017.5255
3014.367916666669,3017.9173333333333
3014.476500000002,3018.3091666666664
3014.585166666669,3018.701
3014.7025000000017,3019.092833333333
3014.819833333335,3019.4846666666663
3014.9063333333343,3019.8369999999995
3015.016250000001,3020.2149999999992
3015.167666666668,3020.582999999999
3015.292083333335,3020.896999999999
3015.416500000002,3021.2109999999984
3015.6020000000017,3021.5249999999987
3015.787500000002,3021.838999999998
3015.9730000000027,3022.152999999998
3016.156166666669,3022.466999999998
3016.339333333336,3022.831499999998
3016.492083333336,3023.185833333331
3016.678250000002,3023.5401666666644
3016.833333333336,3023.8944999999976
3016.9980833333348,3024.248833333331
3017.1788333333348,3024.6031666666645
3017.365000000002,3024.9574999999973
3017.6305833333345,3025.4931666666644
3017.911083333334,3026.085166666665
3018.1933333333345,3026.744999999998
3018.474750000001,3027.3654999999985
3018.766000000001,3027.812666666665
3019.041833333334,3028.3793333333324
3019.261416666668,3028.8754999999987
3019.5556666666675,3029.520999999999
3019.758666666668,3030.1086666666656
3019.997916666668,3030.7749999999987
3020.239916666668,3031.344499999999
3020.4785833333344,3031.907333333332
3020.701750000001,3032.4344999999985
3020.9095833333345,3032.812833333332
3021.158916666668,3033.197666666665
3021.4035000000013,3033.5823333333315
3021.6480833333344,3033.848833333331
3021.892666666668,3034.1153333333305
3022.159250000001,3034.375833333331
3022.512666666668,3034.773499999998
3022.865250000001,3035.121166666665
3023.1775833333345,3035.468833333332
3023.497916666668,3035.8164999999985
3023.833083333334,3036.193833333332
3024.1608333333343,3036.556333333332
3024.5615833333345,3036.918833333332
3024.9510833333343,3037.1641666666646
3025.301833333334,3037.4131666666653
3025.651666666667,3037.7566666666658
3026.0015000000003,3038.0934999999995
3026.377583333334,3038.3231666666666
3026.7025,3038.603666666667
3027.027416666667,3038.8808333333336
3027.377750000001,3039.1580000000004
3027.769916666667,3039.518833333333
3028.1830000000004,3040.0201666666667
3028.627666666667,3040.519
3029.075750000001,3041.017833333332
3029.521083333333,3041.516666666665
3029.916750000001,3041.9161666666664
3030.256916666667,3042.2046666666656
3030.6372500000007,3042.573499999999
3031.0175833333337,3042.9423333333325
3031.3979166666672,3043.3281666666658
3031.7782500000008,3043.719499999999
3032.1585833333343,3044.0606666666654
3032.4924166666674,3044.4018333333315
3032.728083333334,3044.559166666666
3033.012833333333,3044.814666666666
3033.297583333333,3045.0701666666664
3033.582333333333,3045.3256666666666
3033.867083333332,3045.581166666668
3034.1223333333323,3045.777666666668
3034.4059999999995,3045.9805000000006
3034.607916666666,3046.0300000000007
3034.8569166666653,3046.173666666668
3035.083166666665,3046.2718333333346
3035.3094166666647,3046.3700000000017
3035.4336666666645,3046.264166666668
3035.6029999999973,3046.175333333334
3035.6732499999976,3045.801833333334
3035.760749999997,3045.436333333334
3035.834583333331,3044.943833333335
3035.940499999998,3044.5155000000013
3036.0339166666645,3044.1810000000014
3036.112916666664,3043.844666666668
3036.204249999997,3043.4610000000007
3036.2894166666647,3043.072333333333
3036.3745833333314,3042.6405
3036.689666666665,3042.6043333333323
3036.845333333332,3042.3495
3037.005666666665,3042.121166666666
3037.157333333332,3041.9631666666664
3037.312166666665,3041.8115
3037.428749999999,3041.659833333333
3037.2475833333324,3040.9128333333338
3037.156166666666,3040.4635
3037.0647499999995,3040.0141666666664
3036.835833333333,3039.225666666666
3036.60525,3038.4369999999994
3036.409833333333,3037.6984999999995
3036.214416666667,3036.96
3036.019,3036.206666666667
3035.915250000001,3035.636666666668
3035.765666666668,3034.9750000000013
3035.6160833333347,3034.313333333335
3035.749416666668,3034.332833333335
3035.7120000000014,3034.010833333335
3035.7227500000017,3033.6888333333354
3035.730166666669,3033.366833333336
3035.6840000000025,3033.044833333335
3035.64966666667,3032.6956666666683
3035.4321666666697,3031.9835000000016
3035.1983333333364,3031.2386666666685
3035.007500000003,3030.496166666668
3034.8895000000034,3029.758833333334
3034.758500000004,3028.9980000000005
3034.627500000004,3028.2371666666672
3034.496500000004,3027.5260000000003
3034.3655000000044,3026.8951666666667
3034.234500000004,3026.264333333333
3034.146000000004,3025.7185
3034.036250000004,3025.130166666667
3033.935000000004,3024.5418333333337
3033.836500000003,3023.9535000000005
3033.81041666667,3023.560166666666
3033.7843333333367,3023.2649999999994
3033.764500000004,3022.969833333333
3033.7446666666706,3022.6746666666663
3033.736500000004,3022.402833333333
3033.78716666667,3022.248666666668
3033.80841666667,3022.035666666668
3033.8296666666706,3021.878500000001
3033.877583333337,3021.777833333335
3033.9255000000044,3021.775500000002
3033.9698333333376,3021.766000000002
3034.0141666666705,3021.7565000000022
3034.058500000004,3021.849000000002
3034.2108333333376,3022.157500000002
3034.272583333338,3022.406833333336
3034.2910833333376,3022.7803333333354
3034.3095833333377,3023.2470000000026
3034.365083333338,3023.786333333336
3034.327750000005,3024.140000000002
3034.290666666672,3024.400333333336
3034.250666666671,3024.644333333336
3034.128333333338,3024.795666666669
3033.9919166666705,3024.911500000002
3033.8448333333367,3024.851333333335
3033.6977500000025,3024.8005000000016
3033.549583333336,3024.7496666666684
3033.441500000002,3024.768166666668
3033.3591666666684,3024.755166666668
3033.2768333333347,3024.742166666668
3033.195000000001,3025.027833333333
3033.1185000000014,3025.3241666666663
3033.0420000000013,3025.6204999999995
3032.9655000000007,3026.0513333333324
3032.9085833333343,3026.658833333333
3032.814666666667,3027.192333333333
3032.7145,3027.730499999999
3032.6011666666664,3028.242333333333
3032.480416666666,3028.6624999999995
3032.359666666666,3029.0826666666667
3032.2389166666662,3029.502833333333
3032.204,3029.7531666666664
3032.12525,3029.9176666666663
3031.929499999999,3029.848166666666
3031.790249999999,3029.891666666667
3031.7136666666656,3030.0605
3031.612749999999,3030.180666666667
3031.4947499999985,3030.475333333334
3031.3767499999985,3030.856000000001
3031.348583333332,3031.4585000000006
3031.2336666666656,3031.9476666666674
3031.097833333332,3032.436833333334
3030.980749999998,3032.9635000000003
3030.881833333332,3033.5265
3030.875666666665,3034.2253333333333
3030.814999999999,3034.7348333333334
3030.782416666666,3035.2580000000003
3030.749833333333,3035.781166666666
3030.722083333333,3036.314
3030.6894166666666,3036.8370000000004
3030.65675,3037.3600000000006
3030.6240833333336,3037.688000000001
3030.6405,3038.0160000000005
3030.656916666667,3038.3440000000005
3030.5846666666675,3038.494666666667
3030.6100833333344,3038.7585000000004
3030.5813333333344,3038.914
3030.5663333333346,3039.097
3030.6257500000006,3039.373
3030.598500000001,3039.419166666667
3030.6382500000013,3039.501000000001
3030.6383333333347,3039.5106666666675
3030.6582500000018,3039.5600000000004
3030.7291666666683,3039.501333333334
3030.800083333335,3039.442666666668
3030.8114166666687,3039.216
3030.906666666669,3039.033
3031.067916666668,3038.8524999999995
3031.1627500000022,3038.6138333333324
3031.201833333336,3038.263666666666
3031.191750000003,3037.9851666666664
3031.175500000003,3037.7540000000004
3031.069750000003,3037.365666666667
3031.0665833333355,3037.221666666666
3030.935583333335,3037.0198333333324
3030.751416666669,3036.702333333333
3030.629583333336,3036.478
3030.4952500000018,3036.222333333333
3030.3539166666683,3035.952666666666
3030.1577500000017,3035.5733333333337
3030.137833333335,3035.247833333334
3030.117916666668,3034.911666666668
3030.102333333335,3034.5841666666674
3030.151833333335,3034.2523333333334
3030.217833333335,3033.776833333334
3030.2924166666685,3033.3925
3030.332916666668,3032.9353333333333
3030.3947500000013,3032.547166666666
3030.4107500000014,3032.159
3030.426750000001,3031.770833333333
3030.481833333334,3031.375
3030.366166666668,3030.9791666666665
3030.250500000001,3030.696333333333
3030.056500000001,3030.2648333333323
3029.901666666668,3029.848999999999
3029.746833333335,3029.426166666665
3029.592000000001,3029.003333333332
3029.527916666668,3028.5804999999978
3029.477750000001,3028.009666666664
3029.448666666668,3027.438833333332
3029.407833333334,3026.8679999999977
3029.4175000000014,3026.398166666665
3029.401916666668,3025.8221666666645
3029.446000000001,3025.2884999999983
3029.460666666668,3024.7521666666653
3029.475333333334,3024.2158333333323
3029.4687500000005,3023.679499999999
3029.4621666666667,3023.1333333333323
3029.4555833333334,3022.597166666665
3029.449,3022.061
3029.442416666666,3021.5248333333325
3029.338333333332,3020.988666666666
3029.2430833333324,3020.4701666666665
3029.059916666665,3019.8645
3028.930166666665,3019.3123333333338
3028.7534999999984,3018.7760000000003
3028.6346666666645,3018.3553333333334
3028.4869166666645,3017.8303333333333
3028.369166666665,3017.430333333333
3028.2097499999986,3017.0003333333325
3028.050333333332,3016.6393333333326
3027.8944999999994,3016.2783333333327
3027.7386666666657,3015.9173333333324
3027.5288333333324,3015.5563333333325
3027.318999999999,3015.2793333333325
3027.1091666666666,3015.0224999999987
3026.8993333333333,3014.756333333332
3026.671333333333,3014.5179999999987
3026.480666666667,3014.4171666666653
3026.29,3014.3163333333314
3026.008333333333,3014.0314999999987
3025.750333333333,3013.8361666666656
3025.50325,3013.582999999999
3025.27575,3013.3298333333328
3025.0396666666657,3013.1173333333336
3024.658583333332,3012.5875
3024.2045,3011.933
3023.8064166666663,3011.390500000001
3023.334083333333,3010.7703333333343
3022.9050833333336,3010.2368333333347
3022.453916666668,3009.6600000000017
3021.997416666668,3009.078833333335
3021.560250000002,3008.536333333336
3021.1219166666688,3008.008666666669
3020.707166666669,3007.637500000002
3020.288166666669,3007.2265000000025
3019.875416666669,3006.815500000002
3019.4290000000024,3006.310833333336
3019.006000000003,3005.853000000001
3018.583000000004,3005.395166666668
3018.117083333337,3004.859166666668
3017.65116666667,3004.323166666668
3017.241750000004,3003.865500000001
3016.6951666666696,3003.125500000001
3016.187833333336,3002.526666666668
3015.6770000000024,3001.927833333334
3015.1661666666687,3001.329
3014.649333333335,3000.718166666667
3014.036250000001,3000.062833333334
3013.4475000000016,2999.4561666666664
3012.919333333334,2998.920166666666
3012.425250000001,2998.4523333333327
3011.9030000000007,2997.9241666666658
3011.371333333335,2997.454166666665
3010.886000000002,2997.0198333333315
3010.374666666669,2996.533499999998
3009.8692500000025,2996.0589999999984
3009.390750000002,2995.648166666665
3008.901333333335,2995.205499999998
3008.4119166666687,2994.762833333332
3007.8141666666684,2994.1034999999983
3007.2705833333343,2993.543666666665
3006.7270000000008,2993.067333333332
3006.2277500000005,2992.579333333332
3005.701833333333,2992.0913333333315
3005.2495000000004,2991.6651666666653
3004.76725,2991.179166666666
3004.26175,2990.6631666666653
3003.755416666666,2990.0804999999987
3003.2490833333327,2989.4978333333324
3002.7772499999987,2988.915166666666
3002.2600833333327,2988.2418333333326
3001.7655833333324,2987.6138333333324
3001.2710833333326,2986.9858333333327
3000.8185833333328,2986.357833333333
3000.3761666666664,2985.729833333333
2999.929083333333,2985.101833333333
2999.39075,2984.2635
2998.887416666666,2983.357666666666
2998.520499999999,2982.724666666666
2998.106249999999,2982.1809999999987
2997.536583333332,2981.237
2997.150666666665,2980.718333333333
2996.764749999999,2980.1996666666664
2996.4077499999985,2979.8389999999995
2996.067916666665,2979.676
2995.707583333332,2979.49
2995.3565833333328,2979.3226666666665
2995.041,2979.268333333333
2994.725416666667,2979.2139999999995
2994.409833333334,2979.159666666666
2994.092083333335,2979.085999999999
2993.748666666668,2978.9524999999994
2993.4317500000016,2978.7723333333324
2993.106083333335,2978.574666666666
2992.7407500000027,2978.254999999999
2992.4059166666693,2978.043166666666
2992.031916666669,2977.7529999999992
2991.677500000003,2977.5019999999995
2991.483083333336,2977.5709999999995
2991.169583333336,2977.48
2990.931916666669,2977.5406666666663
2990.695500000002,2977.666666666666
2990.4590833333355,2977.7926666666663
2990.2226666666684,2977.9186666666665
2989.9862500000013,2978.0446666666667
2989.7843333333344,2978.2456666666667
2989.565166666667,2978.4664999999995
2989.375083333334,2978.6901666666663
2989.226666666668,2978.997166666666
2989.0530000000003,2979.1858333333325
2988.8793333333338,2979.3358333333326
2988.6125000000006,2979.2806666666665
2988.413500000001,2979.3445
2988.127083333334,2979.2461666666663
2987.884166666668,2979.2348333333334
2987.6412500000006,2979.1916666666666
2987.398333333333,2979.1485000000007
2987.155416666667,2979.105333333334
2986.9125,2979.1705000000006
2986.6695833333333,2979.235666666668
2986.42225,2979.300833333334
2986.177499999999,2979.287666666668
2985.998333333332,2979.417333333334
2985.760499999999,2979.369833333335
2985.5060833333328,2979.3470000000016
2985.237,2979.2948333333343
2984.952916666666,2979.242666666667
2984.6688333333323,2979.2571666666668
2984.384749999999,2979.271666666667
2984.100666666666,2979.3315
2983.930583333333,2979.619333333333
2983.7035,2979.793166666666
2983.4764166666664,2979.966999999999
2983.2118333333337,2980.0658333333326
2982.94725,2980.1646666666657
2982.664083333334,2980.325833333333
2982.4025833333344,2980.6251666666653
2982.130416666667,2980.8085
2981.8581666666664,2980.991666666667
2981.5594166666665,2981.1379999999995
2981.319916666667,2981.402833333333
2981.162916666667,2981.6075
2981.014000000001,2981.8283333333334
2980.919416666668,2981.969
2980.8928333333347,2982.1096666666667
2980.8701666666684,2982.250333333333
2980.7776666666687,2982.2326666666663
2980.814416666668,2982.360500000001
2980.8322500000013,2982.4505000000013
2980.850083333334,2982.540500000002
2980.735916666668,2982.411500000001
2980.678666666668,2982.435500000001
2980.5801666666684,2982.3880000000004
2980.478250000002,2982.442833333334
2980.419083333335,2982.583166666667
2980.3991666666684,2982.7943333333333
2980.375416666669,2982.9978333333333
2980.3121666666693,2982.9623333333325
2980.2662500000024,2982.961499999999
2980.2203333333364,2982.884833333332
2980.174416666669,2982.8081666666653
2980.350416666669,2983.034166666665
2980.450750000002,2983.108833333332
2980.5570833333354,2983.195499999997
2980.817916666668,2983.556666666665
2981.003000000001,2983.760333333332
2981.21525,2983.9639999999986
2981.52375,2984.3573333333325
2981.871,2984.744833333332
2982.116000000001,2985.046166666665
2982.373666666668,2985.4748333333314
2982.659416666668,2986.038166666665
2982.887166666667,2986.516833333332
2983.087166666667,2986.9281666666648
2983.345833333334,2987.456833333332
2983.5345833333336,2987.8775
2983.740916666666,2988.333333333333
2983.905916666666,2988.7065
2984.1139166666667,2989.0573333333327
2984.3141666666666,2989.392666666666
2984.514416666667,2989.7671666666665
2984.713416666667,2990.0711666666666
2984.9545833333336,2990.5165
2985.1447500000004,2990.919666666667
2985.3349166666667,2991.322833333334
2985.525083333333,2991.7553333333344
2985.71525,2992.1878333333348
2985.93875,2992.6203333333347
2986.16225,2993.052833333335
2986.408416666666,2993.371333333336
2986.654583333332,2993.689833333335
2986.900749999999,2994.0083333333355
2987.1469166666657,2994.326833333335
2987.448583333333,2994.831333333335
2987.7224999999994,2995.280333333335
2987.9923333333327,2995.6371666666687
2988.336499999999,2996.0476666666686
2988.6333333333328,2996.458166666669
2988.9301666666665,2996.987166666669
2989.25325,2997.3685000000023
2989.61325,2997.7411666666685
2989.8641666666667,2998.0715000000023
2990.091166666666,2998.3540000000016
2990.2878333333333,2998.6066666666684
2990.453,2998.796333333336
2990.7029166666666,2999.225333333336
2990.91225,2999.554000000003
2991.031750000001,2999.7030000000022
2991.196166666667,2999.941833333336
2991.3064166666672,3000.194666666669
2991.456583333334,3000.5016666666693
2991.651583333334,3000.8676666666684
2991.7982500000007,3001.208500000001
2991.998416666668,3001.554000000001
2992.198583333334,3001.7981666666674
2992.4183333333344,3002.032666666668
2992.662083333335,3002.361000000001
2992.813833333335,3002.6653333333347
2992.9655833333354,3002.969666666668
2993.0794166666687,3003.2740000000003
2993.1932500000025,3003.4270000000006
2993.288583333336,3003.543
2993.3839166666685,3003.653
2993.4792500000017,3003.605499999999
2993.557333333335,3003.557999999999
2993.6354166666683,3003.510499999999
2993.713500000001,3003.3681666666657
2993.791583333335,3003.1396666666656
2993.8051666666693,3002.865499999999
2993.905166666669,3002.7321666666653
2994.054000000003,3002.549833333332
2994.1691666666698,3002.300166666665
2994.294833333337,3002.106499999999
2994.4075833333363,3001.849333333332
2994.520333333337,3001.618999999999
2994.670500000004,3001.463499999999
2994.81041666667,3001.328833333332
2994.967000000004,3001.2274999999986
2995.11591666667,3001.1744999999987
2995.264833333337,3001.1369999999984
2995.433333333337,3001.099499999999
2995.443500000003,3000.773666666666
2995.5443333333365,3000.572166666666
2995.6451666666694,3000.3706666666662
2995.6765000000028,3000.030166666666
2995.7572500000024,2999.759166666666
2995.8380000000025,2999.4881666666656
2995.918750000002,2999.217166666666
2995.9588333333354,2998.864833333332
2996.082416666669,2998.7934999999984
2996.204083333335,2998.7183333333323
2996.3415833333347,2998.674833333332
2996.475083333334,2998.5678333333326
2996.635750000001,2998.4401666666654
2996.7964166666675,2998.366333333332
2996.964833333334,2998.292499999998
2997.1331666666674,2998.2186666666653
2997.152166666668,2997.846166666665
2997.3050833333346,2997.696833333331
2997.458000000001,2997.5474999999983
2997.692500000002,2997.640333333331
2997.859916666668,2997.6704999999984
2998.0213333333345,2997.7146666666654
2998.181000000001,2997.799833333332
2998.3406666666674,2997.822499999999
2998.581916666667,2997.9384999999984
2998.780916666667,2998.097666666665
2998.9799166666667,2998.256833333332
2999.145833333334,2998.403999999999
2999.383416666667,2998.572166666666
2999.6210000000005,2998.7108333333326
2999.858583333334,2998.847333333333
3000.096166666668,2998.9838333333328
3000.3371666666685,2999.120333333333
3000.471833333335,2999.1455
3000.629500000002,2999.202333333333
3000.810083333335,2999.259166666666
3000.9301666666684,2999.195
3001.0496666666686,2999.1296666666653
3001.1845833333355,2999.0951666666656
3001.304333333336,2999.181666666665
3001.407166666668,2999.271333333333
3001.512166666668,2999.371333333333
3001.5325000000007,2999.4595
3001.5528333333336,2999.547666666667
3001.489583333334,2999.468666666667
3001.4126666666675,2999.4571666666666
3001.265916666668,2999.415
3001.081333333333,2999.2221666666665
3000.907333333333,2999.027833333333
3000.691666666666,2998.8398333333325
3000.418166666666,2998.536166666666
3000.1626666666657,2998.2188333333324
2999.907166666666,2997.964999999999
2999.6382499999995,2997.6575
2999.3682499999995,2997.2755
2999.1189166666663,2996.893666666665
2998.92325,2996.618999999999
2998.788249999999,2996.401999999999
2998.709333333333,2996.2816666666654
2998.557,2996.138833333332
2998.3756666666663,2995.9776666666653
2998.2404166666665,2995.908666666665
2998.0648333333324,2995.8284999999987
2997.903416666666,2995.7766666666657
2997.742,2995.7248333333328
2997.448916666666,2995.409666666665
2997.212666666666,2995.2488333333326
2996.98075,2994.976499999999
2996.748916666665,2994.646166666666
2996.4707499999986,2994.173833333333
2996.2157499999976,2993.7359999999994
2995.9281666666648,2993.2885
2995.660166666665,2992.8801666666664
2995.449166666666,2992.5319999999992
2995.2991666666653,2992.305833333333
2995.193499999999,2992.317666666667
2995.0852499999987,2992.324333333333
2994.994083333332,2992.2913333333327
2995.144833333332,2992.6193333333326
2995.335166666665,2993.010999999999
2995.4160833333312,2993.158166666666
2995.516416666665,2993.318166666666
2995.638833333332,2993.477833333332
2995.811583333332,2993.7539999999995
2995.945916666665,2993.9533333333325
2996.1239999999984,2994.150333333332
2996.302083333332,2994.368333333333
2996.3312499999984,2994.2584999999995
2996.434916666665,2994.2976666666664
2996.4576666666644,2994.2045
2996.371249999999,2993.8951666666667
2996.355416666665,2993.727
2996.2167499999982,2993.368833333334
2996.101833333332,2993.058166666667
2995.9937499999983,2992.785166666667
2995.8856666666643,2992.5726666666665
2995.773416666665,2992.382666666666
2995.657749999998,2992.1858333333325
2995.542083333332,2991.928499999999
2995.6332499999985,2992.071499999999
2995.639499999999,2991.995833333332
2995.6457499999988,2991.9201666666654
2995.751833333333,2992.0441666666648
2995.890333333332,2992.3161666666647
2995.987666666665,2992.514499999998
2996.104666666665,2992.782833333332
2996.223249999998,2993.084666666665
2996.304333333332,2993.3864999999987
2996.322249999999,2993.6166666666654
2996.373916666665,2993.969666666665
2996.4345833333323,2994.370666666665
2996.498583333332,2994.7783333333314
2996.5789999999984,2995.213333333332
2996.599583333332,2995.5416666666656
2996.5839999999994,2995.8924999999995
2996.5684999999994,2996.1896666666657
2996.552916666666,2996.486833333333
2996.5373333333328,2996.624333333333
2996.5217499999994,2996.831833333334
2996.626333333332,2997.1580000000004
2996.701916666665,2997.4021666666667
2996.777499999999,2997.6746666666663
2996.8878333333323,2997.947166666666
2996.938416666665,2998.100166666666
2996.981999999999,2998.370833333333
2997.029083333333,2998.6575
2997.0965,2998.9443333333325
2997.1503333333326,2999.3241666666654
2997.1518333333324,2999.703833333332
2997.1286666666656,3000.083499999999
2997.099583333332,3000.4679999999985
2997.097666666666,3000.889666666665
2997.082166666666,3001.245499999998
2997.0666666666657,3001.521
2997.0511666666657,3001.711999999999
2997.1103333333326,3001.863333333333
2997.1694999999995,3002.0146666666665
2997.2286666666664,3001.9410000000003
2997.2264166666664,3001.7245000000007
2997.367833333333,3001.790666666668
2997.4309166666662,3001.703666666668
2997.494,3001.670000000001
2997.5570833333327,3001.5548333333354
2997.603083333333,3001.4498333333354
2997.608416666667,3001.2635000000023
2997.651083333333,3001.151833333336
2997.6957500000008,3001.1991666666686
2997.752500000001,3001.2465000000016
2997.8167500000004,3001.402000000002
2997.87725,3001.691166666669
2997.93775,3001.980333333336
2997.99825,3002.392333333336
2998.086583333333,3002.842000000003
2998.1845833333336,3003.311000000002
2998.27775,3003.770333333335
2998.4009999999994,3004.222500000002
2998.4869166666663,3004.5911666666684
2998.565416666666,3004.945000000001
2998.6136666666657,3005.092000000002
2998.558916666665,3005.046333333335
2998.593749999998,3005.1916666666684
2998.6049166666653,3005.189833333336
2998.616083333332,3005.1056666666686
2998.668833333332,3005.0215000000017
2998.725916666665,3004.9176666666685
2998.8607499999985,3004.9386666666683
2998.990916666665,3004.897166666668
2999.1767499999987,3005.0028333333344
2999.3879166666657,3005.146500000001
2999.606999999999,3005.244333333334
2999.841083333333,3005.3115000000003
3000.0751666666665,3005.3685
3000.3194166666663,3005.4254999999994
3000.5868333333333,3005.631999999999
3000.857166666667,3005.8218333333325
3001.0031666666664,3005.816666666665
3001.197916666666,3005.9089999999983
3001.3128333333325,3006.001333333332
3001.4627499999992,3006.035666666664
3001.6399999999994,3006.121999999998
3001.826583333333,3006.250999999998
3002.010166666666,3006.345666666665
3002.2255833333334,3006.503999999999
3002.4169166666675,3006.7406666666657
3002.690916666668,3007.010999999999
3002.957500000001,3007.2575
3003.224166666668,3007.4574999999995
3003.490833333334,3007.6575
3003.780666666667,3007.8575
3004.0705000000007,3008.0575000000003
3004.3627500000007,3008.2303333333334
3004.6047500000004,3008.319833333334
3004.845083333334,3008.444666666668
3005.018833333334,3008.516666666668
3005.1672500000004,3008.6225000000018
3005.295833333333,3008.7283333333344
3005.382833333334,3008.751000000001
3005.357333333334,3008.7736666666674
3005.332416666667,3008.7871666666674
3005.259666666667,3008.728666666668
3005.2209166666667,3008.7381666666674
3005.191833333333,3008.713666666668
3005.121999999999,3008.689166666668
3005.096833333332,3008.7845000000016
3005.0419999999986,3008.8035000000013
3004.987166666665,3008.822500000001
3005.020333333332,3008.841500000002
3005.0534999999973,3008.853000000001
3005.1332499999976,3008.864500000001
3005.1386666666644,3008.586166666668
3005.2072499999977,3008.434166666668
3005.3214166666653,3008.250500000001
3005.462333333332,3008.073
3005.603249999999,3007.8955000000005
3005.744166666666,3007.718166666667
3005.739999999999,3007.3103333333333
3005.850499999999,3007.109833333334
3005.922749999999,3006.9005
3005.938166666665,3006.8806666666665
3005.956416666666,3006.819166666667
3006.0128333333323,3006.8340000000003
3005.9951666666657,3006.8004999999994
3005.936333333332,3006.767
3005.9549999999995,3006.8885
3005.898416666665,3006.816666666666
3005.855166666666,3006.7716666666665
3005.8119166666656,3006.671
3005.795583333333,3006.535166666666
3005.768416666667,3006.3903333333324
3005.74125,3006.238166666665
3005.69875,3006.0859999999984
3005.528833333333,3005.689166666665
3005.37675,3005.311333333332
3005.2827499999994,3004.9335
3005.18875,3004.653166666666
3005.1005833333334,3004.3845
3005.009500000001,3004.1100000000006
3004.918416666668,3003.8355000000006
3004.798333333334,3003.535000000001
3004.572250000002,3002.988166666667
3004.4645000000014,3002.6780000000003
3004.324083333335,3002.2706666666663
3004.1836666666686,3001.8715
3004.0196666666684,3001.2748333333334
3003.899083333335,3000.787166666667
3003.802083333335,3000.346666666668
3003.681833333335,2999.906166666668
3003.533250000001,2999.409000000001
3003.398833333334,2998.940166666668
3003.264416666668,2998.4713333333343
3003.116416666667,2998.044166666667
3002.9787500000007,2997.6525
3002.885750000001,2997.360666666667
3002.6913333333346,2996.8660000000004
3002.535166666668,2996.4478333333336
3002.457666666668,2996.1869999999994
3002.340833333334,2995.9306666666657
3002.124166666668,2995.402666666666
3001.8808333333345,2994.9744999999984
3001.6375000000003,2994.512333333332
3001.455666666667,2994.173166666666
3001.270833333334,2993.8279999999995
3001.0398333333337,2993.344666666666
3000.846,2992.9075
3000.6436666666664,2992.4838333333323
3000.4413333333337,2992.0601666666657
3000.2390000000005,2991.636499999999
2999.86725,2990.881499999999
2999.578333333333,2990.418499999999
2999.365916666667,2990.1456666666645
2999.21675,2990.0151666666643
2999.0168333333327,2989.783166666665
2998.812083333332,2989.551166666665
2998.6073333333325,2989.319166666665
2998.402666666666,2989.228833333332
2998.2500833333324,2989.1596666666646
2998.084666666666,2989.082666666664
2997.953083333333,2988.970666666664
2997.971833333333,2989.042666666664
2997.915833333334,2988.9641666666644
2997.833666666668,2988.8333333333303
2997.764583333334,2988.7286666666632
2997.6955000000007,2988.5464999999967
2997.521916666667,2988.1819999999966
2997.369333333334,2987.921999999997
2997.216833333334,2987.661999999997
2997.0728333333336,2987.465666666664
2996.9022500000005,2987.269333333331
2996.8501666666666,2987.309999999998
2996.7351666666664,2987.2321666666653
2996.6201666666666,2987.2766666666653
2996.5051666666664,2987.3211666666657
2996.3943333333327,2987.477333333332
2996.27725,2987.620999999999
2996.2089166666656,2987.7588333333324
2996.1405833333324,2987.896666666666
2996.072249999999,2988.0345
2996.0039166666656,2988.1723333333334
2995.922583333332,2988.416166666667
2995.824083333332,2988.594666666667
2995.725583333331,2988.773166666667
2995.6111666666634,2988.951666666668
2995.298333333331,2988.812000000001
2995.074833333331,2988.8748333333347
2994.843083333331,2988.8990000000017
2994.6209999999974,2988.895333333335
2994.427416666664,2988.977000000001
2994.219583333331,2989.0301666666683
2993.9772499999967,2989.0143333333344
2993.7521666666635,2989.0330000000013
2993.547916666663,2989.041333333334
2993.351083333329,2988.999833333334
2993.0534999999954,2988.822833333334
2992.808916666662,2988.7518333333346
2992.5980833333283,2988.669666666668
2992.366583333328,2988.546166666668
2992.1766666666613,2988.5225000000014
2991.8529166666617,2988.3031666666675
2991.5780833333283,2988.181666666667
2991.247249999996,2987.920666666667
2990.8808333333286,2987.5885000000003
2990.569333333329,2987.356833333334
2990.2159999999963,2987.0873333333348
2989.8626666666632,2986.817833333335
2989.502999999997,2986.5221666666685
2989.105916666664,2986.151666666669
2988.708833333331,2985.946833333336
2988.3117499999985,2985.742000000003
2987.9778333333315,2985.46066666667
2987.6624999999985,2985.077833333337
2987.573583333332,2985.1320000000032
2987.3754166666654,2984.9676666666696
2987.17725,2984.8033333333365
2986.9790833333327,2984.639000000004
2986.819083333333,2984.38366666667
2986.672666666667,2984.18566666667
2986.5715,2984.060333333336
2986.431583333334,2983.790333333335
2986.326666666667,2983.6106666666687
2986.303666666667,2983.6693333333355
2986.216333333334,2983.599333333336
2986.1290000000004,2983.529333333335
2985.9520000000007,2983.4620000000014
2985.8145000000004,2983.447000000001
2985.674,2983.4260000000004
2985.5335000000005,2983.405
2985.399500000001,2983.333333333333
2985.3215000000014,2983.2551666666664
2985.1907500000016,2983.0715
2985.0600000000018,2982.887833333333
2984.9904166666684,2982.704166666667
2984.9208333333354,2982.508
2984.8945833333355,2982.3118333333337
2984.868333333336,2982.115666666667
2984.8391666666694,2981.919500000001
2984.8100000000027,2981.7233333333343
2984.657000000004,2981.2795
2984.5659166666696,2980.9595
2984.5478333333363,2980.6795
2984.487083333336,2980.3795000000005
2984.426333333336,2980.0795000000003
2984.3655833333355,2979.982000000001
2984.536083333336,2980.260166666667
2984.612666666669,2980.369833333333
2984.689250000002,2980.4795
2984.7367500000028,2980.5496666666663
2984.801166666669,2980.625333333333
2984.865583333335,2980.7355
2984.930000000001,2980.845666666666
2984.994416666668,2980.9558333333325
2985.053666666668,2981.066
2985.088000000001,2981.2821666666664
2985.177500000001,2981.532166666666
2985.2630000000013,2981.732833333333
2985.4010000000007,2982.132333333333
2985.504250000001,2982.4623333333334
2985.657416666668,2982.8901666666666
2985.772083333334,2983.2410000000004
2985.9060833333338,2983.675333333334
2986.0093333333334,2984.132166666668
2986.112583333333,2984.5988333333344
2986.2703333333334,2985.1838333333344
2986.428083333333,2985.7688333333344
2986.585833333333,2986.358166666668
2986.73625,2986.9503333333337
2986.8903333333333,2987.6290000000004
2987.1272499999995,2988.3076666666666
2987.3641666666663,2988.9863333333333
2987.5442499999995,2989.627833333333
2987.7345,2990.1726666666664
2987.8996666666662,2990.667333333333
2988.0190833333336,2991.0705
2988.1605833333338,2991.5178333333324
2988.302083333335,2991.9978333333324
2988.4307500000014,2992.465499999999
2988.5594166666683,2992.8906666666653
2988.688083333335,2993.315833333332
2988.649833333335,2993.464166666665
2988.671000000002,2993.6026666666653
2988.705250000002,2993.741166666666
2988.7395000000024,2993.8796666666663
2988.7737500000026,2994.0585
2988.8341666666693,2994.200333333333
2988.8988333333355,2994.3506666666667
2988.9635000000026,2994.5010000000007
2989.0281666666688,2994.640333333334
2988.916833333336,2994.438833333334
2988.784000000002,2994.3128333333343
2988.735250000002,2994.399
2988.653583333335,2994.419333333333
2988.571916666668,2994.439666666666
2988.585500000001,2994.663
2988.627500000002,2994.943166666667
2988.629916666669,2995.1441666666674
2988.5470000000028,2995.1745
2988.5277500000025,2995.456
2988.498000000003,2995.7165
2988.468250000003,2995.9570000000003
2988.4385000000034,2996.1975000000007
2988.4572500000027,2996.5350000000008
2988.4517500000024,2996.824
2988.577750000003,2996.985666666667
2988.7037500000024,2997.147333333334
2988.891166666669,2997.4125000000004
2989.082583333336,2997.6911666666665
2989.257750000002,2997.9658333333336
2989.3830833333354,2998.1408333333334
2989.5505833333355,2998.3656666666666
2989.718083333335,2998.5905
2990.0417500000017,2999.1276666666663
2990.287333333335,2999.5086666666666
2990.5850833333343,2999.88
2990.892750000001,3000.2533333333336
2991.175000000001,3000.525333333333
2991.465166666668,3000.798
2991.755166666668,3001.048
2992.0940833333348,3001.3365
2992.690500000001,3002.14
2993.170250000002,3002.6651666666658
2993.666583333336,3003.200999999999
2994.167583333336,3003.736333333333
2994.7187500000023,3004.253666666666
2995.3226666666687,3004.8764999999994
2995.978833333336,3005.6068333333324
2996.605500000003,3006.260666666666
2997.277166666669,3006.9253333333327
2997.948833333336,3007.589999999999
2998.516666666669,3008.055833333333
2999.136416666669,3008.5884999999994
2999.721583333336,3009.2673333333323
3000.231416666669,3009.8396666666654
3000.800750000002,3010.5309999999995
3001.3700833333355,3011.222333333332
3002.0419166666684,3012.085999999999
3002.710333333336,3012.955166666666
3003.2972500000024,3013.703833333333
3003.8841666666685,3014.5713333333333
3004.4485000000013,3015.4328333333333
3004.9485000000013,3016.2943333333333
3005.469250000001,3017.197333333334
3005.977666666668,3018.0756666666666
3006.5062500000017,3018.9881666666665
3007.042416666669,3019.8845
3007.503250000002,3020.655833333333
3008.029916666669,3021.558833333333
3008.537000000003,3022.5733333333333
3008.901833333336,3023.4013333333337
3009.322416666669,3024.266166666667
3009.765000000002,3025.1310000000003
3010.207583333336,3025.995833333334
3010.517333333336,3026.4935
3010.936166666669,3027.130166666668
3011.321833333336,3027.7005000000004
3011.7134166666688,3028.3680000000004
3012.1050000000023,3029.0145
3012.656416666669,3029.8568333333333
3013.2078333333347,3030.6991666666668
3013.7310833333345,3031.505166666668
3014.263416666668,3032.2808333333346
3014.752250000001,3032.9695
3015.260833333334,3033.697666666667
3015.676500000001,3034.367333333334
3016.110416666668,3035.0735000000004
3016.534583333334,3035.652666666667
3016.988500000001,3036.285833333334
3017.4104166666675,3036.9048333333344
3017.8323333333337,3037.5238333333346
3018.25425,3038.1428333333342
3018.642333333334,3038.538000000001
3019.047333333334,3038.967000000001
3019.452333333334,3039.3968333333346
3019.762500000001,3039.6355000000017
3020.1091666666675,3039.965000000001
3020.409916666667,3040.294166666668
3020.7976666666664,3040.797333333335
3021.1499166666667,3041.2518333333346
3021.5558333333333,3041.5176666666684
3022.0850833333325,3042.040500000002
3022.504666666666,3042.344000000002
3022.924249999999,3042.647666666668
3023.437333333333,3043.138166666668
3023.8966666666656,3043.4868333333343
3024.329916666665,3043.7068333333345
3024.725833333332,3043.844833333334
3025.1422499999985,3044.023833333333
3025.484333333332,3044.043333333333
3025.863583333332,3044.2409999999995
3026.2472499999985,3044.438666666666
3026.612416666665,3044.561666666666
3026.9759999999983,3044.722666666666
3027.340083333332,3044.8405
3027.7175,3044.903999999999
3028.094916666666,3044.885333333332
3028.4723333333327,3044.8526666666653
3028.84975,3044.744333333332
3029.227166666666,3044.7504999999987
3029.6534999999994,3044.7356666666656
3030.073166666666,3044.7134999999985
3030.5177499999995,3044.7411666666653
3030.9623333333334,3044.727333333333
3031.4069166666663,3044.7381666666665
3031.8685833333325,3044.7490000000003
3032.322166666666,3044.8351666666667
3032.760083333333,3044.8361666666665
3033.21225,3044.8656666666666
3033.71575,3044.969666666667
3034.24675,3045.092166666668
3034.799083333333,3045.3320000000003
3035.322083333333,3045.5131666666666
3035.845083333333,3045.827166666667
3036.3173333333334,3046.0985
3036.7500000000005,3046.3816666666667
3037.33775,3046.9749999999995
3038.1034166666664,3047.8388333333337
3038.682583333333,3048.3506666666667
3039.3003333333327,3048.743833333333
3039.918083333332,3049.155166666666
3040.486999999999,3049.4688333333324
3040.974166666665,3049.711
3041.458833333332,3049.950166666667
3042.0291666666653,3050.3606666666665
3042.526416666665,3050.666
3043.023666666665,3050.9738333333325
3043.467166666664,3051.2546666666663
3043.910666666664,3051.5354999999995
3044.434749999998,3051.9646666666663
3044.927916666665,3052.3319999999994
3045.421083333332,3052.733166666666
3045.886166666665,3053.2343333333324
3046.304749999998,3053.6424999999995
3046.718249999998,3054.1305
3047.135083333332,3054.634666666666
3047.5859166666646,3055.2068333333323
3048.001333333332,3055.6215
3048.416749999998,3056.017
3048.8321666666648,3056.368499999999
3049.118833333331,3056.5746666666664
3049.4526666666643,3056.864833333333
3049.851083333332,3057.358166666667
3050.2414166666654,3057.7416666666672
3050.5784999999983,3057.966666666667
3050.8571666666644,3058.227500000001
3050.962416666665,3058.259
3051.100083333331,3058.355333333334
3051.253333333331,3058.557166666668
3051.3744999999976,3058.705666666668
3051.585583333331,3058.9301666666674
3051.796666666665,3059.154666666668
3051.970416666665,3059.3791666666675
3052.152499999999,3059.609000000001
3052.315083333333,3059.789666666668
3052.4135,3059.9230000000007
3052.470833333333,3060.0563333333344
3052.5211666666664,3060.189666666668
3052.5336666666667,3060.323000000001
3052.6034166666664,3060.449000000001
3052.6731666666665,3060.6106666666674
3052.788416666666,3060.8633333333337
3052.915249999999,3061.0893333333347
3053.0041666666657,3061.2810000000013
3053.078083333333,3061.418000000001
3053.1656666666663,3061.582333333334
3053.2909166666664,3061.775166666668
3053.42025,3062.0043333333347
3053.5415,3062.235833333334
3053.718666666666,3062.467666666668
3053.9165833333336,3062.6823333333336
3054.1040833333336,3062.876166666668
3054.370750000001,3063.228333333334
3054.643916666668,3063.460666666667
3054.895750000001,3063.693
3055.044666666668,3063.582833333334
3055.2537500000008,3063.3348333333333
3055.562500000001,3063.363333333334
3055.821416666668,3063.2921666666675
3055.982416666668,3063.221000000001
3056.152500000001,3063.1498333333348
3056.3225833333345,3063.2338333333346
3056.484750000002,3063.2585000000013
3056.661833333335,3063.287833333334
3056.8389166666684,3063.317166666668
3057.003916666668,3063.3418333333348
3057.171333333334,3063.368833333336
3057.325250000001,3063.395833333336
3057.5126666666674,3063.4280000000017
3057.701833333334,3063.439000000001
3057.8098333333337,3063.2876666666684
3057.975333333334,3063.1675000000014
3058.140833333334,3063.068833333334
3058.2413333333334,3062.856333333335
3058.3787500000008,3062.627000000001
3058.536666666668,3062.404666666668
3058.6945833333343,3062.1823333333336
3058.809000000001,3061.9965000000007
3058.913833333334,3061.810666666667
3058.9695000000006,3061.570500000001
3058.929583333333,3061.242500000001
3058.958500000001,3060.966500000001
3058.989916666668,3060.587000000001
3058.9745833333345,3060.2433333333342
3058.933166666668,3059.899666666668
3058.8917500000016,3059.691166666668
3058.8708333333348,3059.5178333333342
3058.8499166666684,3059.346500000001
3058.8661666666685,3059.175166666668
3058.6825833333355,3058.6595000000007
3058.556833333336,3058.1835000000005
3058.431083333336,3057.707500000001
3058.372666666669,3057.366166666667
3058.293916666669,3056.998333333334
3058.0611666666687,3056.3326666666667
3057.955083333335,3055.987166666667
3057.833000000001,3055.6096666666663
3057.757583333336,3055.3255
3057.693333333335,3055.063666666667
3057.608166666668,3054.7673333333337
3057.540833333335,3054.4255
3057.470333333335,3054.043
3057.396250000002,3053.7031666666667
3057.339083333335,3053.4245000000005
3057.282083333336,3053.146166666667
3057.2250000000017,3052.8676666666674
3057.1821666666688,3052.5730000000017
3057.139333333336,3052.274333333335
3057.1310833333355,3052.0261666666684
3057.1104166666687,3051.7323333333347
3057.0604166666685,3051.4385000000016
3057.0406666666686,3051.1260000000016
3057.0186666666687,3050.8090000000016
3056.9921666666687,3050.5236666666683
3056.9656666666683,3050.358666666668
3056.884833333335,3050.1868333333346
3056.692666666668,3049.950833333335
3056.5355833333347,3049.7078333333347
3056.3690833333344,3049.4460000000017
3056.202583333334,3049.184166666668
3056.0360833333343,3048.9223333333343
3055.853000000001,3048.500000000001
3055.7420000000016,3048.225500000001
3055.610916666668,3047.934
3055.4778333333347,3047.6408333333334
3055.319250000001,3047.296666666667
3055.212916666668,3047.0570000000007
3055.128000000001,3046.826666666668
3054.991583333335,3046.555166666668
3054.861333333334,3046.3648333333344
3054.778416666668,3046.2691666666674
3054.636833333335,3046.1061666666674
3054.5110000000013,3046.018166666668
3054.393250000002,3045.971166666668
3054.275583333335,3045.924166666668
3054.1409166666685,3045.877166666668
3054.0062500000013,3045.8301666666684
3053.8898333333345,3045.7831666666684
3053.7272500000017,3045.6698333333347
3053.5646666666685,3045.558833333335
3053.3810833333355,3045.450833333335
3053.235916666669,3045.505333333335
3053.073416666669,3045.5598333333346
3052.928833333336,3045.614333333334
3052.784250000003,3045.668833333334
3052.7072500000027,3045.7233333333334
3052.594416666669,3045.671
3052.482583333336,3045.6186666666663
3052.3707500000028,3045.7661666666663
3052.3859166666703,3046.112333333333
3052.3134166666705,3046.443333333334
3052.241916666671,3046.7090000000007
3052.169916666671,3046.973666666667
3052.118333333337,3047.427666666668
3052.0704166666696,3047.7761666666684
3052.0503333333368,3048.1135000000017
3052.032083333336,3048.4078333333355
3052.013833333336,3048.667666666668
3052.076416666669,3049.089166666668
3052.1121666666686,3049.4570000000017
3052.1267500000017,3049.8280000000013
3052.147416666668,3050.230500000001
3052.163833333336,3050.624500000001
3052.187333333336,3050.950000000001
3052.234583333335,3051.323000000001
3052.3497500000017,3051.8318333333345
3052.660250000002,3052.747500000001
3052.939083333336,3053.6038333333336
3053.059250000003,3054.092333333333
3053.2019166666696,3054.6715
3053.3822500000024,3055.311333333333
3053.629083333336,3056.1251666666662
3054.067166666669,3057.3253333333323
3054.427500000002,3058.331333333332
3054.836833333335,3059.314999999999
3055.208250000002,3060.2296666666657
3055.6335000000013,3061.316166666666
3056.075583333334,3062.443333333332
3056.4060000000013,3063.3659999999995
3056.7825000000007,3064.380833333332
3057.1672500000004,3065.506333333332
3057.660666666667,3066.796333333332
3058.1292500000004,3068.028999999999
3058.6098333333334,3069.2856666666653
3059.07975,3070.5441666666657
3059.623666666667,3071.911166666666
3060.081083333333,3073.063999999999
3060.4755000000005,3074.1243333333327
3060.8621666666672,3075.169166666666
3061.326416666668,3076.240666666666
3061.8475000000008,3077.435833333333
3062.372750000001,3078.639333333333
3062.923333333334,3079.828499999999
3063.5016666666675,3081.0321666666664
3064.190833333334,3082.4575
3064.898666666668,3083.9201666666672
3065.5113333333343,3085.1925
3066.166583333334,3086.55
3066.846500000001,3088.023166666667
3067.5217500000017,3089.4846666666667
3791.7894166666647,3785.420333333335
3791.823249999999,3785.493666666668
3791.856416666664,3785.501666666668
3791.909833333331,3785.542333333333
3791.963249999998,3785.583
3792.14783333333,3785.868
3792.251583333331,3786.002333333332
3792.3224999999975,3786.136666666665
3792.3315833333313,3786.087666666665
3792.275499999998,3786.1303333333312
3792.198916666665,3786.1909999999975
3792.1122499999983,3786.28933333333
3792.067583333332,3786.555666666664
3848.2665,3856.6503333333326
3848.51325,3856.808833333332
4325.629166666664,4319.995833333335
4325.275999999998,4319.545166666669
4325.01683333333,4319.282500000002
